SquareFootage,Price
500,129967
530,128163
561,140568
591,153867
621,140840
652,145386
682,168065
712,164493
742,156669
773,171335
803,165820
833,170343
864,181965
894,164958
924,171387
955,187559
985,187599
1015,205415
1045,197738
1076,197241
1106,230566
1136,218197
1167,225675
1197,215298
1227,228647
1258,239746
1288,231672
1318,251484
1348,246266
1379,253901
1409,255347
1439,284432
1470,270320
1500,264423
1530,287771
1561,271882
1591,290725
1621,273585
1652,284445
1682,304241
1712,314203
1742,313077
1773,314753
1803,317444
1833,310215
1864,322347
1894,329485
1924,349208
1955,346618
1985,330097
2015,354756
2045,350695
2076,350807
2106,366723
2136,373946
2167,375979
2197,361305
2227,369635
2258,379070
2288,388543
2318,377026
2348,382992
2379,376815
2409,378947
2439,402065
2470,410532
2500,399280
2530,413066
2561,409677
2591,402640
2621,415735
2652,430532
2682,417824
2712,436859
2742,398045
2773,435492
2803,431174
2833,430343
2864,437281
2894,419518
2924,440228
2955,449026
2985,463264
3015,446332
3045,446461
3076,452558
3106,469760
3136,466924
3167,461369
3197,474830
3227,473698
3258,485444
3288,471767
3318,478542
3348,480927
3379,473244
3409,493870
3439,496550
3470,497021
3500,497654
