Experience (Years),Qualification Level,Salary
6,3,52676
19,3,81949
28,4,104930
14,4,69120
10,3,58475
7,3,54337
28,4,98356
20,4,83664
6,3,51725
25,4,97803
18,4,80909
22,4,89434
10,4,66025
10,4,66087
23,3,86056
20,3,77606
3,1,37579
7,2,49863
23,3,83806
2,1,32635
21,3,83775
20,3,81211
1,1,30559
23,4,90460
11,4,66713
29,4,104234
5,3,52498
1,1,32131
27,4,101338
20,4,86747
0,1,30411
11,3,59113
25,3,87945
21,4,88482
28,4,97579
11,4,67238
24,3,90001
16,4,77305
26,3,90797
26,4,95307
30,4,106632
9,3,58943
27,3,93429
27,3,96131
15,3,71708
14,4,76577
29,3,99134
29,3,97671
14,3,67714
29,4,99131
18,3,76301
11,4,66969
22,4,86340
19,3,77949
24,4,95686
2,1,32531
4,1,36080
18,4,83210
6,3,53268
20,4,91122
8,3,53363
6,3,53441
17,3,74632
3,1,36119
24,3,89821
27,3,93941
13,3,62127
17,4,77305
25,3,92729
8,2,53344
25,3,89254
20,4,86007
1,1,37568
19,4,82938
27,3,93977
14,3,68381
27,3,95214
6,2,46302
11,4,68212
28,3,92112
7,3,54673
14,3,68101
2,1,33565
13,3,65049
16,3,70781
3,1,34373
17,3,69364
7,2,48464
3,1,38193
1,1,31329
29,4,104270
5,3,47840
21,3,79389
9,3,56498
3,1,33949
21,4,84634
28,3,96900
30,3,103558
17,3,72666
25,4,91616
